PassengerId,Survived,Pclass,Name,Sex,Age,SibSp,Parch,Ticket,Fare,Cabin,Embarked
1,0,3,"Smith, Mr. John",male,,0,2,177659,14.2145,C23,S
2,0,3,"Jones, Miss. James",female,22.7,0,0,275508,5.1491,,C
3,1,2,"Williams, Miss. Mary",female,,0,0,523993,64.7048,E46,S
4,0,3,"Brown, Mr. Anna",male,3.5,0,0,997358,47.3891,,S
5,0,1,"Davis, Mr. Emma",male,0.4,0,0,721448,170.5493,,S
6,0,2,"Miller, Mr. Alice",male,41.9,0,0,520684,11.2556,G6,S
7,1,3,"Wilson, Mr. Henry",male,29.6,0,0,611303,10.7251,,C
8,1,1,"Moore, Miss. Thomas",female,46.8,0,0,148470,94.5886,,S
9,1,1,"Taylor, Mr. Frank",male,,3,0,405668,47.9533,,Q
10,1,1,"Anderson, Miss. Helen",female,37.2,0,0,359352,326.057,,S
11,0,1,"Smith, Mr. John",male,56.8,0,0,919640,94.5053,C23,S
12,1,1,"Jones, Mrs. James",female,,1,0,960697,9.6844,,S
13,1,3,"Williams, Mrs. Mary",female,,0,0,559633,17.9732,,S
14,1,2,"Brown, Mr. Anna",male,29.8,0,4,515027,15.6678,,Q
15,0,3,"Davis, Mr. Emma",male,6.9,0,0,358039,12.9029,,S
16,1,3,"Miller, Mr. Alice",male,49.4,0,0,739695,10.2011,,C
17,1,2,"Wilson, Mr. Henry",male,20.8,4,0,986700,39.4791,,S
18,1,2,"Moore, Mr. Thomas",male,37.0,0,0,164125,50.6979,D56,S
19,0,2,"Taylor, Mr. Frank",male,7.0,0,2,790912,25.9605,D56,S
20,0,3,"Anderson, Mr. Helen",male,12.6,0,0,663310,10.4432,,S
21,0,2,"Smith, Mr. John",male,50.5,0,0,408231,20.0267,,S
22,0,3,"Jones, Master. James",male,24.7,1,0,238273,13.9165,,S
23,0,2,"Williams, Mr. Mary",male,50.8,0,0,936161,10.8938,C23,C
24,0,3,"Brown, Mr. Anna",male,28.6,0,1,323260,21.7701,G6,S
25,0,2,"Davis, Mr. Emma",male,3.0,0,0,163023,29.9092,,S
26,1,2,"Miller, Mrs. Alice",female,,0,0,369743,70.9863,,S
27,0,3,"Wilson, Mr. Henry",male,21.1,0,0,239351,37.4002,,S
28,1,3,"Moore, Mr. Thomas",male,39.8,1,0,822953,7.9158,,Q
29,0,1,"Taylor, Master. Frank",male,30.1,1,2,326575,162.2979,,S
30,0,3,"Anderson, Mr. Helen",male,7.3,1,0,807163,6.4021,,S
31,0,3,"Smith, Mr. John",male,32.1,1,0,684104,23.9063,,S
32,1,3,"Jones, Mr. James",male,,1,0,335238,9.0621,,S
33,1,3,"Williams, Mr. Mary",male,36.8,0,0,814855,6.0424,,S
34,0,2,"Brown, Miss. Anna",female,28.9,1,0,386756,25.8981,,S
35,1,1,"Davis, Mrs. Emma",female,45.3,1,0,945072,9.91,,S
36,1,2,"Miller, Miss. Alice",female,32.8,1,0,974915,5.1006,,S
37,0,3,"Wilson, Mr. Henry",male,32.7,0,0,538222,11.8865,,C
38,0,3,"Moore, Mr. Thomas",male,13.9,0,0,86945,14.634,,S
39,1,2,"Taylor, Mrs. Frank",female,33.1,1,2,785842,15.4048,,C
40,1,1,"Anderson, Mr. Helen",male,44.7,1,0,926875,23.7991,,S
41,0,3,"Smith, Mr. John",male,17.6,4,0,631234,7.1212,,C
42,0,3,"Jones, Mr. James",male,50.4,0,0,630632,18.7344,,S
43,0,3,"Williams, Mr. Mary",male,,0,0,149244,21.8199,,S
44,1,1,"Brown, Mrs. Anna",female,16.8,0,0,561646,83.1143,,S
45,1,2,"Davis, Master. Emma",male,44.2,1,1,731673,52.2271,,S
46,0,1,"Miller, Miss. Alice",female,25.5,0,0,139774,115.7129,,S
47,0,3,"Wilson, Mr. Henry",male,40.7,0,0,291907,7.534,,S
48,1,1,"Moore, Mr. Thomas",male,25.5,8,0,976177,67.2753,,S
49,0,3,"Taylor, Mr. Frank",male,,0,0,503938,4.4598,,S
50,0,2,"Anderson, Mr. Helen",male,36.9,1,0,499922,18.9845,,S
51,0,3,"Smith, Mrs. John",female,33.9,0,0,95997,33.3506,,C
52,0,3,"Jones, Mrs. James",female,0.8,1,0,251830,23.7036,,S
53,0,3,"Williams, Miss. Mary",female,,0,0,864407,42.0561,D56,S
54,1,1,"Brown, Miss. Anna",female,43.2,1,0,148876,66.0814,,S
55,1,1,"Davis, Mr. Emma",male,27.8,2,0,975098,247.1696,,S
56,1,1,"Miller, Mrs. Alice",female,,0,0,219820,72.1359,,S
57,0,3,"Wilson, Mr. Henry",male,10.0,0,0,621477,44.4633,G6,C
58,0,3,"Moore, Mr. Thomas",male,,0,0,621795,13.4625,E46,S
59,0,3,"Taylor, Mr. Frank",male,0.4,0,0,339669,24.1234,,S
60,0,3,"Anderson, Mr. Helen",male,28.2,1,0,633536,44.5889,B28,S
61,0,3,"Smith, Master. John",male,21.0,0,0,558892,11.7359,,S
62,0,1,"Jones, Master. James",male,15.7,0,0,913017,100.274,C23,C
63,0,3,"Williams, Mrs. Mary",female,28.7,0,0,949639,38.4165,E46,C
64,0,2,"Brown, Master. Anna",male,,1,0,703278,18.6106,,S
65,1,2,"Davis, Mr. Emma",male,,4,0,139716,7.1952,,S
66,0,3,"Miller, Master. Alice",male,7.8,0,0,716209,76.0812,,S
67,0,1,"Wilson, Mr. Henry",male,46.5,0,2,171919,57.8228,,S
68,1,1,"Moore, Mrs. Thomas",female,43.8,0,0,971278,95.6026,,S
69,0,3,"Taylor, Mr. Frank",male,18.4,0,0,463925,34.5429,,S
70,1,1,"Anderson, Mrs. Helen",female,32.6,0,0,544968,51.7487,,S
71,0,3,"Smith, Mrs. John",female,23.1,0,0,647796,6.1172,,S
72,0,2,"Jones, Mr. James",male,32.4,0,0,105619,25.3587,,S
73,0,2,"Williams, Mr. Mary",male,51.6,0,0,65037,4.9316,,C
74,1,2,"Brown, Mrs. Anna",female,38.5,0,0,634257,16.4415,,S
75,1,2,"Davis, Mrs. Emma",female,,0,0,121115,25.1829,,C
76,1,3,"Miller, Mrs. Alice",female,23.5,0,0,68914,11.039,,S
77,1,2,"Wilson, Mrs. Henry",female,8.2,1,0,691669,6.0217,,S
78,0,3,"Moore, Mr. Thomas",male,26.7,1,0,117255,49.045,,C
79,0,3,"Taylor, Mr. Frank",male,47.2,0,0,544637,14.8831,C23,C
80,0,3,"Anderson, Mr. Helen",male,7.6,0,0,478295,43.0481,,S
81,1,3,"Smith, Miss. John",female,14.4,1,0,464036,11.1269,,S
82,0,3,"Jones, Master. James",male,31.5,3,0,216068,6.776,,C
83,0,1,"Williams, Mr. Mary",male,15.4,0,0,962057,104.4324,,S
84,0,1,"Brown, Mr. Anna",male,,0,0,562813,70.85,,S
85,1,2,"Davis, Mr. Emma",male,,0,0,278092,8.0682,,C
86,0,3,"Miller, Mr. Alice",male,,0,1,548786,44.3993,,S
87,1,1,"Wilson, Miss. Henry",female,15.6,0,6,946495,51.1815,C85,S
88,0,3,"Moore, Mr. Thomas",male,39.9,0,0,755870,3.143,,S
89,0,3,"Taylor, Miss. Frank",female,10.7,1,0,69790,39.6436,,S
90,0,2,"Anderson, Mr. Helen",male,6.5,0,0,935164,13.828,G6,S
91,0,3,"Smith, Mr. John",male,20.6,0,0,36245,8.4244,,S
92,1,1,"Jones, Mrs. James",female,,0,0,141310,20.5094,,S
93,1,1,"Williams, Mrs. Mary",female,26.8,0,0,947424,338.9824,,S
94,0,3,"Brown, Mr. Anna",male,23.0,0,2,56659,4.8833,,S
95,0,3,"Davis, Miss. Emma",female,30.3,0,0,521765,14.3558,,S
96,0,3,"Miller, Mr. Alice",male,4.4,1,0,922415,28.4313,,Q
97,0,2,"Wilson, Mr. Henry",male,,0,0,609162,29.0061,D56,S
98,0,2,"Moore, Mr. Thomas",male,,1,1,314661,19.7353,G6,Q
99,0,3,"Taylor, Mr. Frank",male,23.8,2,0,660906,3.5116,C85,S
100,0,3,"Anderson, Mr. Helen",male,44.3,0,0,610173,7.1679,D56,C
101,0,3,"Smith, Mr. John",male,13.4,0,0,580638,15.921,,S
102,0,2,"Jones, Mr. James",male,46.1,0,1,873611,11.0275,,S
103,0,3,"Williams, Mr. Mary",male,31.9,1,0,788539,16.1204,,C
104,0,2,"Brown, Mr. Anna",male,24.8,2,1,955778,35.7135,,C
105,1,1,"Davis, Mrs. Emma",female,29.4,1,0,317157,181.8527,E46,S
106,0,3,"Miller, Mr. Alice",male,28.1,0,0,771563,5.1369,,S
107,0,1,"Wilson, Mr. Henry",male,47.4,0,0,49913,488.0958,B28,S
108,0,3,"Moore, Mrs. Thomas",female,14.1,0,0,245237,25.3145,C85,C
109,1,2,"Taylor, Mr. Frank",male,,0,0,317963,20.6716,C85,S
110,0,1,"Anderson, Master. Helen",male,44.7,0,1,92168,201.3056,E46,S
111,0,3,"Smith, Mr. John",male,21.1,0,0,364824,90.8966,,S
112,0,3,"Jones, Mr. James",male,42.8,1,0,366936,4.3337,,S
113,0,3,"Williams, Mrs. Mary",female,54.3,0,0,730270,11.4408,,C
114,0,3,"Brown, Mrs. Anna",female,,0,0,688845,2.0435,,S
115,0,3,"Davis, Mr. Emma",male,39.6,0,0,406076,15.9829,,S
116,1,3,"Miller, Mrs. Alice",female,13.0,1,0,59875,18.3515,G6,S
117,1,3,"Wilson, Miss. Henry",female,40.6,1,0,155991,13.2774,D56,S
118,0,2,"Moore, Mr. Thomas",male,32.6,0,0,502089,12.262,,S
119,0,3,"Taylor, Miss. Frank",female,36.6,0,2,870379,2.6586,,S
120,1,1,"Anderson, Mr. Helen",male,20.3,0,0,19586,113.5249,,Q
121,0,3,"Smith, Miss. John",female,5.6,2,1,61986,43.8925,,S
122,1,3,"Jones, Miss. James",female,37.0,0,0,886280,8.5385,,S
123,0,1,"Williams, Mr. Mary",male,0.4,0,0,295199,119.7304,,C
124,0,3,"Brown, Mr. Anna",male,25.1,0,0,438106,3.9074,,S
125,0,3,"Davis, Mr. Emma",male,43.3,0,0,466297,19.7503,,Q
126,1,1,"Miller, Master. Alice",male,32.5,1,1,563095,61.4663,,C
127,1,3,"Wilson, Miss. Henry",female,58.0,0,0,226992,7.4444,,S
128,1,3,"Moore, Miss. Thomas",female,44.6,0,0,843609,7.4566,,S
129,1,1,"Taylor, Master. Frank",male,20.2,0,1,497677,61.455,,S
130,0,3,"Anderson, Master. Helen",male,30.1,0,0,78625,18.6034,,S
131,0,2,"Smith, Master. John",male,29.0,2,0,941746,7.2457,D56,C
132,0,3,"Jones, Mr. James",male,6.8,0,0,328461,9.9712,,S
133,0,3,"Williams, Master. Mary",male,,1,1,443194,13.2529,,S
134,0,3,"Brown, Mr. Anna",male,21.6,1,0,288577,5.6869,,S
135,0,3,"Davis, Miss. Emma",female,0.4,0,0,43282,57.6695,,S
136,0,3,"Miller, Mr. Alice",male,30.4,0,0,610807,6.9213,E46,S
137,0,3,"Wilson, Mr. Henry",male,26.1,0,2,774634,8.0193,,C
138,1,2,"Moore, Miss. Thomas",female,5.4,1,0,840010,9.4639,,S
139,0,3,"Taylor, Mr. Frank",male,35.6,0,0,140843,57.7533,,S
140,1,1,"Anderson, Miss. Helen",female,40.1,0,0,642621,131.0422,,S
141,0,3,"Smith, Miss. John",female,33.0,0,2,997711,6.4761,,
142,1,1,"Jones, Mr. James",male,25.0,1,1,165205,204.0123,,S
143,0,1,"Williams, Mr. Mary",male,38.3,0,6,533566,98.8649,,C
144,1,1,"Brown, Mr. Anna",male,39.6,0,0,584605,103.4406,,S
145,0,3,"Davis, Mr. Emma",male,34.2,0,0,137878,10.4001,,Q
146,0,2,"Miller, Mr. Alice",male,17.7,0,0,118745,11.3657,,S
147,0,3,"Wilson, Mr. Henry",male,33.7,1,1,401374,17.9503,,S
148,1,1,"Moore, Master. Thomas",male,47.0,0,0,600238,54.4414,,S
149,0,2,"Taylor, Mr. Frank",male,21.0,1,0,593900,88.5474,,S
150,0,3,"Anderson, Mr. Helen",male,60.1,1,1,74873,4.9628,,S
151,0,3,"Smith, Miss. John",female,22.1,0,0,778757,46.8205,,S
152,0,2,"Jones, Mr. James",male,30.2,1,0,650080,18.9363,,S
153,0,3,"Williams, Mr. Mary",male,,0,0,752138,17.4034,,S
154,0,3,"Brown, Mr. Anna",male,32.9,0,0,203074,26.6802,,Q
155,1,3,"Davis, Mrs. Emma",female,4.4,0,0,980012,8.2746,B28,S
156,0,1,"Miller, Mr. Alice",male,21.8,0,0,503936,168.1058,,C
157,1,1,"Wilson, Mrs. Henry",female,,0,0,703739,9.6519,,S
158,1,3,"Moore, Miss. Thomas",female,31.7,0,0,921246,7.7014,,S
159,1,1,"Taylor, Mr. Frank",male,,1,0,549519,40.2031,D56,S
160,1,3,"Anderson, Mrs. Helen",female,39.1,0,0,359529,5.0258,,S
161,0,3,"Smith, Mr. John",male,0.4,0,0,575451,11.5355,C23,Q
162,0,3,"Jones, Mr. James",male,59.3,0,0,918312,18.6528,C23,S
163,0,3,"Williams, Master. Mary",male,34.0,1,0,959180,24.0353,,C
164,0,3,"Brown, Master. Anna",male,18.4,1,0,884024,16.6115,C85,Q
165,0,2,"Davis, Mr. Emma",male,32.0,0,0,378708,12.153,,S
166,1,3,"Miller, Miss. Alice",female,32.3,1,1,788755,18.4048,D56,Q
167,0,2,"Wilson, Mr. Henry",male,20.0,0,0,589823,22.864,,S
168,0,3,"Moore, Mr. Thomas",male,,0,1,383096,28.9694,,Q
169,1,3,"Taylor, Mr. Frank",male,20.9,1,0,187182,25.5068,,S
170,0,3,"Anderson, Master. Helen",male,23.8,1,0,712338,14.0381,D56,S
171,0,3,"Smith, Mrs. John",female,19.7,1,0,756178,6.6832,,C
172,0,3,"Jones, Mr. James",male,8.9,1,0,737729,8.1257,,S
173,0,2,"Williams, Mr. Mary",male,31.8,0,0,407968,13.3338,,S
174,0,2,"Brown, Mr. Anna",male,38.2,1,0,558795,16.0855,,S
175,0,3,"Davis, Mr. Emma",male,37.2,0,4,488921,16.9766,,S
176,0,1,"Miller, Mr. Alice",male,,0,0,658513,149.207,,S
177,1,1,"Wilson, Miss. Henry",female,34.4,0,0,264295,80.8261,,C
178,0,2,"Moore, Mr. Thomas",male,22.0,0,1,120282,20.9688,,S
179,1,2,"Taylor, Miss. Frank",female,41.9,0,0,968999,23.2145,,S
180,0,2,"Anderson, Mr. Helen",male,,0,1,231538,13.7002,,S
181,0,1,"Smith, Master. John",male,16.6,0,0,201958,40.1604,,S
182,0,1,"Jones, Mr. James",male,15.7,0,2,342703,20.6733,C23,C
183,1,1,"Williams, Miss. Mary",female,45.4,0,0,535270,48.2828,,C
184,0,3,"Brown, Mrs. Anna",female,43.4,0,0,220913,20.0036,B28,Q
185,0,2,"Davis, Mr. Emma",male,36.8,0,0,663416,11.7965,,S
186,1,2,"Miller, Miss. Alice",female,45.2,1,0,419362,17.1138,,S
187,1,3,"Wilson, Miss. Henry",female,17.0,1,0,781393,19.8964,,Q
188,1,1,"Moore, Mr. Thomas",male,34.8,1,0,195915,127.708,C23,C
189,1,3,"Taylor, Mr. Frank",male,,0,0,261762,5.7763,,S
190,0,3,"Anderson, Master. Helen",male,42.0,1,0,611025,30.4183,,S
191,1,1,"Smith, Mr. John",male,28.0,0,1,92446,207.4883,,Q
192,1,2,"Jones, Mrs. James",female,24.1,0,0,98567,8.3834,,S
193,1,3,"Williams, Mrs. Mary",female,37.5,0,0,820068,7.0875,B28,S
194,0,3,"Brown, Mr. Anna",male,42.4,1,0,354994,35.5261,,S
195,0,3,"Davis, Mr. Emma",male,,0,0,954836,12.1814,,S
196,0,3,"Miller, Mr. Alice",male,,0,0,192506,2.32,,S
197,1,1,"Wilson, Mrs. Henry",female,14.4,0,2,93866,27.4798,,S
198,0,3,"Moore, Miss. Thomas",female,0.4,1,2,726631,11.2223,,S
199,1,1,"Taylor, Miss. Frank",female,32.6,0,0,72726,33.207,,S
200,0,3,"Anderson, Mrs. Helen",female,38.5,0,1,877333,9.842,G6,S
201,0,3,"Smith, Mr. John",male,,0,0,512253,14.0597,,S
202,0,3,"Jones, Mr. James",male,1.4,0,0,675468,44.1326,G6,C
203,1,3,"Williams, Mr. Mary",male,24.6,0,0,603184,10.8594,,Q
204,1,1,"Brown, Mrs. Anna",female,,0,0,183625,198.5872,,S
205,0,1,"Davis, Mr. Emma",male,49.6,1,0,575168,264.0671,,S
206,0,1,"Miller, Mr. Alice",male,14.0,0,0,779680,265.242,,Q
207,0,1,"Wilson, Mr. Henry",male,47.9,1,0,324221,105.7416,,S
208,0,3,"Moore, Miss. Thomas",female,43.4,0,0,13625,2.8484,,S
209,0,2,"Taylor, Mr. Frank",male,16.6,0,0,48237,29.928,,C
210,1,1,"Anderson, Mr. Helen",male,13.3,0,2,11223,194.7886,,S
211,0,3,"Smith, Mr. John",male,34.8,0,0,200375,12.8397,,C
212,1,3,"Jones, Miss. James",female,,0,0,75197,55.316,,C
213,0,3,"Williams, Miss. Mary",female,31.2,1,0,246486,27.2557,,S
214,0,3,"Brown, Mr. Anna",male,22.7,0,0,346837,21.5853,,S
215,1,1,"Davis, Miss. Emma",female,3.9,0,0,645843,200.798,,S
216,1,2,"Miller, Mr. Alice",male,0.4,1,0,309904,27.0268,,S
217,1,3,"Wilson, Mr. Henry",male,33.0,0,0,482398,1.8648,C85,S
218,1,3,"Moore, Mrs. Thomas",female,21.6,1,0,906606,9.1897,D56,S
219,1,1,"Taylor, Mrs. Frank",female,,0,0,399336,219.4072,,S
220,1,3,"Anderson, Miss. Helen",female,39.8,0,0,461182,7.1802,,C
221,1,1,"Smith, Miss. John",female,46.7,1,0,301168,70.4157,,S
222,1,1,"Jones, Mr. James",male,,0,0,473539,36.5005,C23,S
223,0,3,"Williams, Mr. Mary",male,24.8,0,1,819634,57.0846,,S
224,0,3,"Brown, Mr. Anna",male,37.0,1,0,915846,52.5934,,S
225,0,3,"Davis, Mr. Emma",male,10.0,0,2,61524,6.7551,,S
226,0,1,"Miller, Mr. Alice",male,32.9,0,0,709268,94.7302,,S
227,1,3,"Wilson, Mrs. Henry",female,37.7,0,5,439283,7.9486,,S
228,0,2,"Moore, Mr. Thomas",male,39.6,1,0,412576,33.8551,,C
229,1,1,"Taylor, Miss. Frank",female,1.6,2,0,370372,126.5885,,Q
230,1,3,"Anderson, Mr. Helen",male,18.7,0,6,114755,26.2262,,S
231,0,3,"Smith, Mrs. John",female,17.0,0,0,678301,17.8666,,S
232,0,3,"Jones, Mr. James",male,,1,0,288137,143.4119,,S
233,0,3,"Williams, Mr. Mary",male,,0,0,548908,6.0198,,S
234,0,3,"Brown, Master. Anna",male,51.4,0,0,919703,3.4866,G6,S
235,0,3,"Davis, Mr. Emma",male,22.5,1,2,554481,10.0034,,C
236,1,1,"Miller, Miss. Alice",female,22.5,1,0,847991,24.018,,S
237,1,2,"Wilson, Mr. Henry",male,46.4,1,0,293392,6.2724,,S
238,0,2,"Moore, Mr. Thomas",male,34.0,0,0,449068,9.2913,E46,S
239,0,2,"Taylor, Mr. Frank",male,48.1,0,0,932531,9.8985,E46,Q
240,0,3,"Anderson, Mr. Helen",male,33.9,0,0,859842,6.3834,,C
241,0,3,"Smith, Mrs. John",female,12.9,0,0,276404,20.7381,,S
242,1,1,"Jones, Miss. James",female,10.4,0,0,834028,56.1622,,S
243,1,1,"Williams, Mrs. Mary",female,7.2,1,0,772436,72.9361,,S
244,0,3,"Brown, Mr. Anna",male,,0,2,19012,28.0162,,S
245,0,1,"Davis, Mr. Emma",male,46.9,1,0,35823,45.6105,C23,S
246,0,3,"Miller, Mrs. Alice",female,56.5,0,0,870283,11.0868,,C
247,0,3,"Wilson, Mr. Henry",male,,0,0,57027,18.3569,C23,C
248,0,3,"Moore, Mrs. Thomas",female,46.6,0,0,219239,2.8983,D56,Q
249,1,3,"Taylor, Mrs. Frank",female,21.3,0,0,355938,2.0329,,S
250,0,3,"Anderson, Miss. Helen",female,12.9,0,2,821531,18.0707,E46,C
251,0,2,"Smith, Mr. John",male,42.0,3,0,897859,30.6841,,C
252,0,3,"Jones, Mr. James",male,35.8,1,1,833424,71.4339,,S
253,0,3,"Williams, Mrs. Mary",female,,0,0,916374,15.5471,,C
254,0,2,"Brown, Mr. Anna",male,35.3,0,0,914318,39.882,,S
255,1,3,"Davis, Master. Emma",male,34.4,2,0,152049,11.7167,,C
256,0,3,"Miller, Mr. Alice",male,48.3,0,0,983738,17.3775,,S
257,1,3,"Wilson, Mrs. Henry",female,48.5,0,0,757590,51.9978,,S
258,1,3,"Moore, Mrs. Thomas",female,37.6,0,1,712736,2.5048,,S
259,0,3,"Taylor, Mr. Frank",male,42.0,2,0,961482,19.0733,,S
260,0,3,"Anderson, Mr. Helen",male,37.2,0,2,19218,75.6309,C23,S
261,0,3,"Smith, Mr. John",male,23.0,0,0,293932,17.1676,,S
262,1,3,"Jones, Mrs. James",female,40.7,2,0,30501,51.3084,,S
263,0,3,"Williams, Mr. Mary",male,9.5,0,0,743349,8.2815,,S
264,0,3,"Brown, Mr. Anna",male,45.0,0,0,638021,13.3532,,C
265,1,3,"Davis, Miss. Emma",female,12.4,0,3,287354,14.0724,,Q
266,1,1,"Miller, Mrs. Alice",female,33.8,1,0,138476,14.2837,,S
267,0,3,"Wilson, Mrs. Henry",female,,0,0,870657,5.3809,,C
268,1,3,"Moore, Miss. Thomas",female,37.7,8,0,710849,5.6967,,S
269,0,1,"Taylor, Mr. Frank",male,29.2,0,0,233989,162.5276,D56,C
270,0,3,"Anderson, Mr. Helen",male,6.6,0,0,860153,27.5257,,S
271,1,1,"Smith, Mrs. John",female,,5,0,498260,109.1174,,S
272,0,2,"Jones, Mrs. James",female,21.3,0,0,445869,40.0215,,S
273,0,3,"Williams, Miss. Mary",female,42.5,0,0,489894,12.014,,S
274,1,1,"Brown, Mrs. Anna",female,29.7,0,0,182022,220.2449,,S
275,0,3,"Davis, Mr. Emma",male,,0,0,674276,13.7967,,C
276,0,3,"Miller, Mr. Alice",male,,0,0,206983,14.3491,,S
277,0,3,"Wilson, Miss. Henry",female,,0,0,565737,11.0776,,S
278,1,1,"Moore, Mrs. Thomas",female,23.0,0,0,361477,145.5843,,C
279,1,2,"Taylor, Mrs. Frank",female,42.1,1,0,292926,14.7785,G6,C
280,0,3,"Anderson, Mrs. Helen",female,54.0,0,0,495780,29.9204,,S
281,0,3,"Smith, Mrs. John",female,,8,0,816675,5.5382,,S
282,0,3,"Jones, Master. James",male,45.3,0,0,519590,5.6875,,S
283,1,2,"Williams, Mr. Mary",male,0.4,0,0,563667,35.8762,,S
284,0,3,"Brown, Mr. Anna",male,12.4,0,0,47780,12.7631,,S
285,0,3,"Davis, Mr. Emma",male,15.8,0,1,958244,9.5285,,S
286,0,3,"Miller, Mr. Alice",male,10.1,0,0,649232,27.9228,,C
287,1,1,"Wilson, Mr. Henry",male,,1,0,792734,51.7998,,S
288,0,3,"Moore, Mr. Thomas",male,,1,0,816416,11.6725,,Q
289,0,3,"Taylor, Mr. Frank",male,26.6,4,0,534338,41.9626,D56,C
290,0,3,"Anderson, Mr. Helen",male,35.2,0,0,934094,46.9325,,Q
291,0,2,"Smith, Master. John",male,,1,0,574493,72.8245,,S
292,0,3,"Jones, Mr. James",male,,0,0,811594,10.932,D56,C
293,0,3,"Williams, Mrs. Mary",female,,0,0,321890,36.67,,S
294,0,1,"Brown, Mr. Anna",male,28.7,1,1,678465,39.4105,,S
295,0,3,"Davis, Mr. Emma",male,12.5,0,0,440715,6.6318,,S
296,0,3,"Miller, Master. Alice",male,45.0,0,0,439857,2.0897,,S
297,0,1,"Wilson, Miss. Henry",female,21.2,0,0,545916,321.0155,,C
298,0,2,"Moore, Mr. Thomas",male,16.1,0,0,183104,10.3703,,C
299,1,3,"Taylor, Mr. Frank",male,27.1,1,0,468245,12.3811,,S
300,1,1,"Anderson, Mr. Helen",male,16.5,0,1,310660,40.6474,,S
301,0,3,"Smith, Mr. John",male,23.6,5,0,359301,23.8916,,S
302,0,2,"Jones, Mr. James",male,,0,1,404692,15.3272,D56,S
303,0,3,"Williams, Mr. Mary",male,34.8,0,0,129558,4.8237,,C
304,0,1,"Brown, Mr. Anna",male,16.7,0,1,312944,119.884,,S
305,1,3,"Davis, Miss. Emma",female,22.6,0,0,570076,4.351,,Q
306,0,3,"Miller, Mrs. Alice",female,45.3,0,0,130754,7.0109,,S
307,0,3,"Wilson, Master. Henry",male,36.9,1,0,298384,2.5393,,S
308,0,3,"Moore, Mr. Thomas",male,59.8,1,0,514204,4.3852,,S
309,1,1,"Taylor, Mrs. Frank",female,46.8,2,2,414138,97.1269,C85,S
310,0,3,"Anderson, Mr. Helen",male,46.3,1,0,516906,2.8456,,S
311,1,1,"Smith, Mr. John",male,9.6,1,0,860630,25.746,,C
312,0,1,"Jones, Mr. James",male,40.8,0,2,330883,84.0406,,C
313,0,2,"Williams, Master. Mary",male,,1,0,738962,13.3999,,S
314,0,3,"Brown, Miss. Anna",female,21.7,0,0,284233,67.4256,,S
315,0,3,"Davis, Miss. Emma",female,32.1,0,0,566888,59.413,,S
316,0,3,"Miller, Mrs. Alice",female,,0,0,187248,6.8418,C23,S
317,0,2,"Wilson, Mr. Henry",male,37.0,0,1,804599,32.3251,,S
318,0,2,"Moore, Mr. Thomas",male,17.0,0,0,874784,37.6962,,S
319,0,3,"Taylor, Mr. Frank",male,40.5,3,0,948668,8.4944,,C
320,0,2,"Anderson, Mr. Helen",male,20.5,0,0,358109,6.257,,S
321,0,3,"Smith, Mr. John",male,32.8,0,1,397684,13.5659,,Q
322,1,1,"Jones, Miss. James",female,,0,0,765897,73.3262,D56,S
323,0,3,"Williams, Miss. Mary",female,26.5,0,1,827847,9.6676,D56,Q
324,0,3,"Brown, Mr. Anna",male,40.8,0,0,476869,19.5163,,S
325,1,1,"Davis, Miss. Emma",female,14.6,0,0,81895,46.183,,S
326,1,1,"Miller, Mrs. Alice",female,,0,2,876332,33.5017,D56,Q
327,0,3,"Wilson, Mr. Henry",male,,0,0,767861,14.9493,,S
328,0,3,"Moore, Mr. Thomas",male,21.0,1,0,628618,18.6561,,S
329,1,2,"Taylor, Mr. Frank",male,35.1,1,0,479045,8.0754,,S
330,0,3,"Anderson, Mr. Helen",male,38.2,0,0,68650,28.7854,,C
331,1,1,"Smith, Mr. John",male,28.2,0,0,986485,20.426,,C
332,1,2,"Jones, Miss. James",female,28.9,0,6,478084,13.0351,D56,S
333,0,3,"Williams, Mr. Mary",male,35.7,1,0,10615,11.145,E46,S
334,1,2,"Brown, Master. Anna",male,26.3,0,0,710972,12.443,,Q
335,0,3,"Davis, Mr. Emma",male,49.9,0,0,874369,8.7176,,S
336,0,2,"Miller, Mr. Alice",male,,1,0,781614,92.4801,E46,S
337,1,2,"Wilson, Mrs. Henry",female,42.4,0,0,532915,10.4796,,S
338,0,3,"Moore, Mrs. Thomas",female,,0,0,314080,96.5801,,S
339,0,2,"Taylor, Mr. Frank",male,28.5,0,1,694732,29.3659,,S
340,0,3,"Anderson, Mr. Helen",male,25.3,2,0,379956,14.747,,S
341,0,1,"Smith, Mr. John",male,15.1,1,1,340019,123.2466,,S
342,0,1,"Jones, Mr. James",male,,1,0,616070,512.0,,S
343,0,1,"Williams, Mr. Mary",male,21.9,0,0,71700,38.0279,,S
344,0,3,"Brown, Mr. Anna",male,,0,0,18109,5.5905,D56,S
345,0,2,"Davis, Mr. Emma",male,14.2,4,0,33758,11.3163,,C
346,0,3,"Miller, Mr. Alice",male,,4,0,753987,14.0569,,S
347,0,3,"Wilson, Mr. Henry",male,,0,2,905024,3.4445,,S
348,0,3,"Moore, Mr. Thomas",male,32.9,1,0,547605,13.947,,Q
349,1,1,"Taylor, Mr. Frank",male,,0,2,210073,326.3703,,S
350,1,3,"Anderson, Mr. Helen",male,21.4,0,0,523909,15.4641,,S
351,0,3,"Smith, Mr. John",male,42.1,0,3,978927,10.84,,S
352,0,3,"Jones, Mrs. James",female,,0,0,35622,8.3551,,C
353,0,3,"Williams, Miss. Mary",female,50.8,2,2,518911,28.1122,,C
354,0,3,"Brown, Master. Anna",male,29.9,0,0,541088,7.0761,,Q
355,1,3,"Davis, Mr. Emma",male,21.1,0,0,780157,60.0101,,C
356,0,1,"Miller, Mr. Alice",male,,2,2,569827,395.394,,S
357,1,1,"Wilson, Mr. Henry",male,41.4,1,0,243259,103.399,,S
358,0,3,"Moore, Mr. Thomas",male,,0,0,667960,13.5744,E46,S
359,0,3,"Taylor, Miss. Frank",female,18.8,0,0,998558,31.247,G6,S
360,0,3,"Anderson, Mr. Helen",male,26.5,0,2,619451,32.8922,,S
361,0,3,"Smith, Mr. John",male,12.6,0,0,256765,7.1894,,S
362,1,1,"Jones, Mr. James",male,56.1,4,0,694729,55.2546,,S
363,0,1,"Williams, Mr. Mary",male,21.5,1,0,762341,29.2335,,C
364,0,3,"Brown, Mr. Anna",male,41.8,0,0,288833,19.004,,S
365,1,2,"Davis, Miss. Emma",female,32.7,0,1,877891,35.2842,,S
366,1,1,"Miller, Mr. Alice",male,15.4,0,0,48469,28.5956,D56,S
367,1,3,"Wilson, Miss. Henry",female,29.6,1,0,499155,9.5185,,S
368,1,1,"Moore, Mrs. Thomas",female,41.1,0,2,666318,28.6568,,S
369,0,3,"Taylor, Master. Frank",male,27.0,0,0,264905,6.6749,,S
370,0,2,"Anderson, Mr. Helen",male,47.0,0,0,785318,32.1672,,S
371,0,3,"Smith, Mr. John",male,,0,0,856444,7.6187,,C
372,0,2,"Jones, Mr. James",male,43.0,0,0,734434,16.2724,,Q
373,1,3,"Williams, Mr. Mary",male,,0,0,70021,3.7268,,S
374,1,1,"Brown, Mrs. Anna",female,14.0,2,0,492156,97.7866,,S
375,1,1,"Davis, Mr. Emma",male,20.8,1,0,191854,81.2699,E46,S
376,0,2,"Miller, Mr. Alice",male,32.5,1,0,478735,11.5532,,Q
377,1,3,"Wilson, Miss. Henry",female,37.6,0,0,241979,11.7774,,S
378,0,3,"Moore, Mr. Thomas",male,0.4,0,0,986819,15.8256,,S
379,1,2,"Taylor, Mrs. Frank",female,,0,0,558930,10.7859,D56,C
380,0,3,"Anderson, Mr. Helen",male,32.0,0,0,351147,4.2055,,S
381,0,3,"Smith, Mr. John",male,,1,0,658002,58.082,,S
382,0,3,"Jones, Mrs. James",female,48.4,0,0,534493,8.2547,B28,S
383,0,1,"Williams, Master. Mary",male,35.8,0,0,889377,77.9281,,S
384,0,3,"Brown, Miss. Anna",female,,1,0,22442,30.7555,,S
385,1,1,"Davis, Mrs. Emma",female,26.6,3,0,888258,512.0,,S
386,1,2,"Miller, Mrs. Alice",female,43.3,0,0,757004,7.6488,,C
387,0,3,"Wilson, Master. Henry",male,53.4,0,0,933195,19.6339,,S
388,1,1,"Moore, Mr. Thomas",male,48.7,0,0,48909,47.8061,,S
389,0,3,"Taylor, Miss. Frank",female,,0,1,291648,8.9028,,S
390,1,3,"Anderson, Mrs. Helen",female,,0,1,467486,7.7,E46,C
391,1,3,"Smith, Mrs. John",female,24.7,0,0,105698,5.5671,,S
392,0,3,"Jones, Mr. James",male,36.8,3,0,770392,13.2548,,S
393,1,1,"Williams, Mr. Mary",male,,0,0,985555,25.8832,G6,S
394,1,2,"Brown, Mrs. Anna",female,17.5,0,0,966302,44.1494,,C
395,0,3,"Davis, Master. Emma",male,,0,0,714690,14.3163,E46,S
396,1,1,"Miller, Mrs. Alice",female,0.4,0,0,97087,118.0541,D56,S
397,1,2,"Wilson, Miss. Henry",female,50.6,1,0,219991,14.2561,C23,S
398,0,1,"Moore, Mr. Thomas",male,22.3,0,0,747392,62.7671,,C
399,1,1,"Taylor, Mrs. Frank",female,30.5,0,0,51716,105.9795,,S
400,1,2,"Anderson, Miss. Helen",female,25.2,0,0,215696,8.1571,,S
401,1,1,"Smith, Mr. John",male,,1,0,188054,63.2315,G6,C
402,1,3,"Jones, Miss. James",female,,0,0,168516,6.8875,,C
403,0,3,"Williams, Mr. Mary",male,29.5,1,0,952238,6.719,,S
404,0,3,"Brown, Mrs. Anna",female,28.2,0,0,707105,2.5333,,Q
405,0,1,"Davis, Mr. Emma",male,23.1,0,0,44571,245.8339,,S
406,1,1,"Miller, Mrs. Alice",female,54.7,0,0,233023,48.6165,,S
407,0,1,"Wilson, Master. Henry",male,16.8,2,0,942893,213.5553,E46,C
408,0,3,"Moore, Mr. Thomas",male,,2,0,889712,32.2149,,S
409,1,3,"Taylor, Mrs. Frank",female,34.9,0,1,749578,4.8969,,S
410,0,1,"Anderson, Mr. Helen",male,48.0,0,2,579326,35.25,D56,S
411,0,3,"Smith, Mr. John",male,20.0,0,0,607083,106.2504,,S
412,1,1,"Jones, Miss. James",female,19.1,0,0,841600,341.7009,,S
413,1,3,"Williams, Mrs. Mary",female,,0,0,743442,13.3589,,C
414,0,3,"Brown, Mr. Anna",male,35.9,1,1,77690,16.8322,,C
415,0,3,"Davis, Mr. Emma",male,7.3,2,0,910485,8.2707,,S
416,0,3,"Miller, Mr. Alice",male,21.9,0,2,545518,19.3613,B28,S
417,0,3,"Wilson, Mr. Henry",male,,0,0,879733,7.7187,,Q
418,0,2,"Moore, Mr. Thomas",male,,1,0,146974,4.0725,,S
419,0,3,"Taylor, Mrs. Frank",female,19.9,1,2,863190,4.7595,,S
420,1,1,"Anderson, Mrs. Helen",female,0.4,0,0,37050,85.6329,,S
421,1,3,"Smith, Miss. John",female,37.3,0,0,371949,5.543,,S
422,1,3,"Jones, Miss. James",female,12.0,0,0,215658,12.9821,,S
423,0,3,"Williams, Mr. Mary",male,0.4,0,0,517728,5.7989,,S
424,0,3,"Brown, Master. Anna",male,0.4,0,0,865542,7.3266,,S
425,0,3,"Davis, Mr. Emma",male,41.5,0,0,898465,27.1107,,S
426,0,3,"Miller, Mr. Alice",male,31.6,0,0,86693,16.6995,,S
427,0,3,"Wilson, Mr. Henry",male,26.4,0,0,918860,13.5945,,C
428,1,1,"Moore, Mrs. Thomas",female,49.8,0,2,553863,170.0965,,C
429,0,1,"Taylor, Mr. Frank",male,,0,0,724300,123.678,D56,S
430,0,2,"Anderson, Master. Helen",male,,1,0,312388,65.8503,,S
431,1,1,"Smith, Mr. John",male,9.5,1,0,486697,58.2828,,Q
432,0,3,"Jones, Mrs. James",female,29.2,0,0,287106,9.7152,E46,S
433,0,1,"Williams, Mr. Mary",male,6.3,0,0,241898,29.7345,C85,C
434,0,3,"Brown, Mr. Anna",male,,4,4,790839,9.7202,,S
435,0,2,"Davis, Mr. Emma",male,26.1,0,0,372839,44.7884,,Q
436,1,1,"Miller, Mrs. Alice",female,38.8,0,0,782723,238.2177,,S
437,0,3,"Wilson, Mr. Henry",male,,0,0,257943,29.5369,,S
438,1,3,"Moore, Miss. Thomas",female,38.7,0,0,100388,3.261,C23,S
439,0,3,"Taylor, Miss. Frank",female,39.9,0,1,761580,32.587,,S
440,0,3,"Anderson, Mr. Helen",male,60.9,1,0,87332,3.1474,,S
441,1,3,"Smith, Mr. John",male,,0,0,951954,28.1034,D56,S
442,1,1,"Jones, Mrs. James",female,,0,0,718854,62.738,,C
443,1,3,"Williams, Mr. Mary",male,33.3,2,0,923818,24.0329,,S
444,0,3,"Brown, Mr. Anna",male,,0,0,317181,4.7182,D56,S
445,1,3,"Davis, Miss. Emma",female,51.2,0,0,122666,34.9644,,S
446,1,1,"Miller, Mrs. Alice",female,,0,0,661336,26.0812,C23,S
447,1,3,"Wilson, Mrs. Henry",female,21.5,0,0,796360,8.0256,D56,S
448,1,1,"Moore, Mrs. Thomas",female,,0,0,355184,37.8912,,S
449,0,1,"Taylor, Mr. Frank",male,40.1,0,2,645552,20.6924,,S
450,1,2,"Anderson, Mr. Helen",male,27.4,0,2,695401,22.3261,,S
451,0,3,"Smith, Miss. John",female,,1,0,807147,58.1059,,S
452,0,3,"Jones, Mr. James",male,53.8,0,0,425019,115.6907,,S
453,0,3,"Williams, Mr. Mary",male,17.3,0,0,472122,14.8073,,S
454,0,3,"Brown, Miss. Anna",female,30.2,0,0,858158,33.4731,,S
455,0,2,"Davis, Mr. Emma",male,39.2,0,0,405124,24.9235,,Q
456,0,2,"Miller, Master. Alice",male,6.0,0,0,914640,30.8532,,S
457,1,2,"Wilson, Mr. Henry",male,36.7,3,1,178147,15.7433,,S
458,0,3,"Moore, Mr. Thomas",male,14.4,0,2,205659,16.0139,E46,S
459,0,1,"Taylor, Mr. Frank",male,,0,0,325792,129.4349,,S
460,1,3,"Anderson, Master. Helen",male,,1,0,555422,8.6247,,S
461,0,3,"Smith, Mr. John",male,39.7,0,0,780545,12.8765,D56,S
462,0,2,"Jones, Miss. James",female,45.7,0,0,852575,19.7547,,Q
463,0,3,"Williams, Mrs. Mary",female,42.2,1,0,79123,26.5364,,Q
464,0,3,"Brown, Mr. Anna",male,33.3,1,0,498775,5.8391,C85,C
465,1,3,"Davis, Miss. Emma",female,26.3,0,1,186225,13.1466,,S
466,0,3,"Miller, Mr. Alice",male,21.3,0,0,667773,63.244,E46,S
467,0,2,"Wilson, Mr. Henry",male,51.0,0,0,231646,52.5299,,S
468,1,2,"Moore, Mrs. Thomas",female,19.6,1,0,163627,60.9148,,Q
469,1,3,"Taylor, Master. Frank",male,14.7,0,0,414168,13.9704,D56,S
470,0,3,"Anderson, Miss. Helen",female,,0,0,734353,17.7111,,S
471,0,1,"Smith, Mr. John",male,18.2,1,1,477216,187.7261,,S
472,0,3,"Jones, Miss. James",female,15.9,0,0,918089,47.7319,D56,S
473,0,3,"Williams, Mr. Mary",male,8.8,1,0,76686,2.8752,C23,Q
474,0,3,"Brown, Miss. Anna",female,22.7,0,0,909273,4.7829,D56,S
475,0,1,"Davis, Mr. Emma",male,28.5,0,0,566552,240.0267,,S
476,1,3,"Miller, Miss. Alice",female,33.2,0,1,246830,10.9779,,S
477,0,3,"Wilson, Mr. Henry",male,43.5,1,0,450769,8.0046,,C
478,0,1,"Moore, Mr. Thomas",male,37.3,0,1,195431,30.8725,,S
479,1,1,"Taylor, Mrs. Frank",female,26.9,0,0,906317,54.0107,C23,C
480,0,3,"Anderson, Mr. Helen",male,26.8,0,0,763682,4.4616,,S
481,0,1,"Smith, Mr. John",male,37.1,1,0,150880,448.5725,,C
482,1,3,"Jones, Mrs. James",female,48.2,3,0,62330,13.4563,,C
483,0,3,"Williams, Mr. Mary",male,31.5,0,0,648960,13.0794,,S
484,0,2,"Brown, Master. Anna",male,22.9,0,1,310489,33.1352,E46,S
485,0,3,"Davis, Mr. Emma",male,15.3,3,0,472833,29.5851,,S
486,1,2,"Miller, Mrs. Alice",female,8.7,0,0,573510,44.117,,S
487,0,3,"Wilson, Mr. Henry",male,39.4,0,0,67755,32.3396,C85,C
488,0,2,"Moore, Mr. Thomas",male,38.1,0,0,805365,12.4966,,S
489,1,3,"Taylor, Miss. Frank",female,38.1,1,0,864639,10.7952,,S
490,1,1,"Anderson, Miss. Helen",female,27.8,0,0,184811,155.7762,,S
491,0,2,"Smith, Mr. John",male,50.1,0,0,188810,13.5749,,S
492,0,3,"Jones, Mr. James",male,22.7,0,0,901123,13.6441,,C
493,0,2,"Williams, Mr. Mary",male,43.6,0,0,639425,28.4784,B28,S
494,0,3,"Brown, Master. Anna",male,29.1,0,0,225616,25.6757,,Q
495,0,2,"Davis, Mr. Emma",male,20.9,0,0,949387,4.9928,C85,Q
496,0,3,"Miller, Mr. Alice",male,38.3,0,0,895250,24.2688,G6,S
497,0,1,"Wilson, Mr. Henry",male,,0,2,370654,69.8406,,S
498,1,3,"Moore, Mr. Thomas",male,34.9,0,0,633539,24.1277,,C
499,1,3,"Taylor, Miss. Frank",female,30.9,1,0,970905,25.5067,,S
500,1,1,"Anderson, Mrs. Helen",female,29.2,1,0,680740,304.7607,,S
501,1,1,"Smith, Miss. John",female,64.3,1,0,290356,248.628,D56,S
502,1,1,"Jones, Mr. James",male,46.9,0,1,300318,247.2629,,S
503,0,3,"Williams, Mr. Mary",male,40.2,0,0,410077,43.4813,,C
504,1,2,"Brown, Miss. Anna",female,,0,2,671454,26.134,,S
505,0,3,"Davis, Miss. Emma",female,44.3,2,2,638937,14.0573,,S
506,0,2,"Miller, Mr. Alice",male,37.2,1,0,585607,41.6119,,Q
507,1,2,"Wilson, Mrs. Henry",female,30.1,1,0,712088,37.181,,C
508,1,3,"Moore, Miss. Thomas",female,25.3,0,0,427579,10.6989,,S
509,0,3,"Taylor, Miss. Frank",female,28.5,0,0,97846,18.9396,,C
510,1,1,"Anderson, Miss. Helen",female,0.4,0,0,180372,81.8688,,S
511,1,1,"Smith, Mr. John",male,32.8,0,0,64808,42.5231,,C
512,0,1,"Jones, Mr. James",male,22.6,0,0,933447,236.409,,S
513,1,3,"Williams, Mrs. Mary",female,52.8,2,0,221177,14.3185,,S
514,1,3,"Brown, Mrs. Anna",female,30.0,0,0,576904,70.5529,,C
515,0,3,"Davis, Mr. Emma",male,12.5,0,1,870761,3.7322,,S
516,1,3,"Miller, Mr. Alice",male,29.0,0,0,769103,8.7756,E46,Q
517,1,3,"Wilson, Mr. Henry",male,14.5,2,1,166359,14.0624,,S
518,1,3,"Moore, Mrs. Thomas",female,36.6,0,0,924389,34.032,,Q
519,0,3,"Taylor, Miss. Frank",female,33.9,0,0,699331,18.8586,E46,Q
520,0,1,"Anderson, Master. Helen",male,43.6,1,0,66152,107.9397,G6,S
521,0,1,"Smith, Mr. John",male,18.2,0,0,52351,34.1712,,C
522,0,2,"Jones, Mr. James",male,,0,0,515931,8.2037,,S
523,1,1,"Williams, Mrs. Mary",female,9.9,0,0,725400,108.9837,,Q
524,1,3,"Brown, Miss. Anna",female,,0,1,237977,4.6003,,S
525,1,3,"Davis, Miss. Emma",female,,1,0,753919,8.9521,C85,C
526,0,1,"Miller, Mr. Alice",male,36.9,1,0,394521,125.7039,,S
527,1,1,"Wilson, Mr. Henry",male,29.7,0,1,70616,38.3723,,S
528,0,3,"Moore, Mr. Thomas",male,35.7,0,0,776781,49.4855,,S
529,0,3,"Taylor, Mr. Frank",male,53.0,0,0,164969,36.472,,S
530,1,2,"Anderson, Miss. Helen",female,25.6,0,0,295154,5.8885,,C
531,1,3,"Smith, Mrs. John",female,,0,1,967658,6.498,D56,S
532,1,1,"Jones, Mrs. James",female,14.0,0,0,504651,13.5255,,S
533,0,1,"Williams, Mrs. Mary",female,17.1,0,0,656110,45.0207,,S
534,1,3,"Brown, Mr. Anna",male,31.1,1,0,161186,25.2925,,S
535,1,3,"Davis, Mrs. Emma",female,45.7,0,1,815482,9.8383,,S
536,1,1,"Miller, Mrs. Alice",female,26.0,0,0,256309,121.7333,,C
537,1,3,"Wilson, Miss. Henry",female,26.3,0,5,293269,4.0533,C85,Q
538,0,3,"Moore, Mr. Thomas",male,23.8,1,0,497310,25.9397,,S
539,0,3,"Taylor, Mr. Frank",male,21.9,0,1,453612,8.7873,G6,S
540,0,3,"Anderson, Mr. Helen",male,,0,0,185918,13.834,,S
541,0,3,"Smith, Mrs. John",female,8.0,0,0,423612,12.719,,S
542,0,3,"Jones, Mr. James",male,,1,1,364805,4.9538,,S
543,0,3,"Williams, Mr. Mary",male,20.1,0,0,791444,5.4463,,C
544,1,1,"Brown, Mrs. Anna",female,40.2,1,0,526941,182.6242,E46,S
545,0,1,"Davis, Mr. Emma",male,11.3,3,0,622404,115.8607,,C
546,1,2,"Miller, Mr. Alice",male,39.4,1,0,129233,47.9507,,S
547,0,3,"Wilson, Mr. Henry",male,39.4,0,0,966477,17.7631,,S
548,1,1,"Moore, Miss. Thomas",female,35.3,0,0,426790,94.4044,C85,S
549,0,3,"Taylor, Mr. Frank",male,15.3,0,0,886587,3.4438,,S
550,1,3,"Anderson, Mrs. Helen",female,33.3,4,0,926275,11.0353,,S
551,0,1,"Smith, Mr. John",male,,0,0,23869,82.3755,,C
552,0,3,"Jones, Mrs. James",female,26.0,0,0,469410,65.3581,,S
553,1,2,"Williams, Mr. Mary",male,44.6,0,0,596455,35.8627,,C
554,0,3,"Brown, Mr. Anna",male,,0,0,721507,46.8169,B28,S
555,1,1,"Davis, Mrs. Emma",female,29.9,0,0,253758,135.8057,,S
556,0,3,"Miller, Mr. Alice",male,,0,2,677482,7.7551,,S
557,1,3,"Wilson, Mr. Henry",male,39.1,0,0,184899,15.0457,,S
558,0,3,"Moore, Mr. Thomas",male,30.0,1,1,678695,16.5498,,S
559,0,3,"Taylor, Miss. Frank",female,0.4,0,1,261536,6.4629,,S
560,1,3,"Anderson, Mr. Helen",male,,0,1,860008,10.0733,B28,S
561,1,3,"Smith, Miss. John",female,29.3,0,0,555965,11.6206,D56,S
562,0,3,"Jones, Mr. James",male,,0,1,431439,49.496,G6,S
563,0,3,"Williams, Mr. Mary",male,13.8,1,1,433030,2.593,G6,S
564,0,1,"Brown, Mr. Anna",male,0.4,0,0,135662,220.9308,,S
565,0,3,"Davis, Master. Emma",male,33.7,0,0,486827,6.4751,,Q
566,0,3,"Miller, Mr. Alice",male,33.9,0,0,446401,4.571,,S
567,0,3,"Wilson, Mr. Henry",male,5.2,2,0,611082,35.2107,,C
568,1,1,"Moore, Mr. Thomas",male,15.5,0,0,85675,151.2166,,S
569,0,3,"Taylor, Miss. Frank",female,69.7,1,0,838757,37.3753,,S
570,0,2,"Anderson, Mr. Helen",male,25.3,0,0,50503,39.2792,,S
571,0,3,"Smith, Mr. John",male,40.3,0,0,815946,71.1843,C85,Q
572,1,1,"Jones, Mrs. James",female,20.3,0,0,590484,131.6536,,S
573,0,3,"Williams, Mr. Mary",male,,1,0,948421,12.088,C23,C
574,1,3,"Brown, Mr. Anna",male,27.2,0,2,982203,18.0246,,S
575,1,1,"Davis, Miss. Emma",female,,2,0,891065,227.6866,,S
576,1,3,"Miller, Miss. Alice",female,23.9,0,0,715479,7.3441,,S
577,0,2,"Wilson, Mr. Henry",male,28.0,0,0,617612,12.288,,S
578,1,3,"Moore, Mrs. Thomas",female,33.5,0,0,428277,10.6998,,S
579,1,3,"Taylor, Mr. Frank",male,27.5,1,0,675307,2.544,,S
580,0,3,"Anderson, Mr. Helen",male,,0,2,484296,15.3001,,S
581,0,3,"Smith, Mr. John",male,36.7,1,0,357694,3.0298,,Q
582,1,3,"Jones, Miss. James",female,1.4,1,2,876763,14.294,,S
583,0,2,"Williams, Mr. Mary",male,0.4,2,0,173704,41.3621,,C
584,1,2,"Brown, Mr. Anna",male,40.4,0,0,160424,14.1347,,S
585,1,3,"Davis, Mr. Emma",male,37.1,0,0,295797,52.4095,,S
586,0,3,"Miller, Mr. Alice",male,28.9,1,2,208187,4.2588,,Q
587,0,3,"Wilson, Mr. Henry",male,9.5,0,0,893726,35.531,,C
588,0,3,"Moore, Mr. Thomas",male,,0,0,578043,23.5119,,C
589,0,2,"Taylor, Mr. Frank",male,25.9,0,1,900728,5.2452,,S
590,0,3,"Anderson, Mr. Helen",male,6.6,0,0,632642,119.8249,,S
591,0,1,"Smith, Mr. John",male,19.0,0,0,344132,80.0138,,S
592,0,3,"Jones, Mr. James",male,39.2,0,1,834353,6.7897,,S
593,0,1,"Williams, Mr. Mary",male,50.4,0,0,462219,27.3174,,S
594,0,2,"Brown, Mr. Anna",male,23.6,0,0,484092,17.3591,,C
595,1,2,"Davis, Miss. Emma",female,40.7,0,0,843100,18.6941,,C
596,0,2,"Miller, Mr. Alice",male,,0,0,327319,22.4716,,S
597,1,3,"Wilson, Miss. Henry",female,39.3,0,0,713098,10.7958,,S
598,0,2,"Moore, Mr. Thomas",male,,0,0,325596,34.3538,,C
599,0,3,"Taylor, Mr. Frank",male,,0,0,209395,10.0472,,S
600,0,1,"Anderson, Mr. Helen",male,26.1,0,0,318293,17.9076,,S
601,0,2,"Smith, Mr. John",male,48.8,0,2,254965,18.3686,,S
602,0,1,"Jones, Mr. James",male,17.0,1,3,812271,12.6697,,S
603,1,1,"Williams, Mr. Mary",male,38.8,0,0,530724,111.7441,,Q
604,0,3,"Brown, Mr. Anna",male,25.6,1,0,536443,6.2586,B28,S
605,0,3,"Davis, Mr. Emma",male,27.4,0,2,410235,15.6127,D56,S
606,0,3,"Miller, Mr. Alice",male,27.0,0,0,588800,39.1992,,S
607,0,3,"Wilson, Mr. Henry",male,17.4,0,0,464906,6.4134,,C
608,0,2,"Moore, Mr. Thomas",male,29.5,0,2,882582,48.3825,,C
609,0,3,"Taylor, Mr. Frank",male,28.8,0,0,660329,9.686,,S
610,1,3,"Anderson, Miss. Helen",female,33.2,0,0,298334,55.6984,G6,S
611,0,3,"Smith, Mr. John",male,,0,0,509127,10.2295,D56,S
612,1,1,"Jones, Miss. James",female,41.3,0,0,283072,42.9828,,S
613,0,2,"Williams, Mr. Mary",male,43.1,0,0,320569,35.8708,,S
614,0,2,"Brown, Mr. Anna",male,14.5,2,0,608422,14.607,,S
615,1,2,"Davis, Mrs. Emma",female,,1,0,644163,10.559,,S
616,1,3,"Miller, Mrs. Alice",female,12.5,0,0,227189,9.3476,B28,S
617,0,3,"Wilson, Mr. Henry",male,38.2,0,1,658552,13.2197,D56,S
618,0,3,"Moore, Mr. Thomas",male,38.7,0,1,190046,40.0905,,C
619,1,3,"Taylor, Miss. Frank",female,,1,0,382335,2.9157,,S
620,1,3,"Anderson, Mrs. Helen",female,31.0,0,1,975300,13.9553,,S
621,0,3,"Smith, Mr. John",male,22.9,0,1,189815,22.5857,,Q
622,0,3,"Jones, Master. James",male,18.7,1,0,482671,15.9931,G6,S
623,0,1,"Williams, Mr. Mary",male,49.3,0,0,900148,240.1076,,S
624,0,1,"Brown, Mr. Anna",male,20.2,0,0,211107,79.3381,,S
625,1,1,"Davis, Mr. Emma",male,18.0,3,0,965181,72.6428,,S
626,0,3,"Miller, Mr. Alice",male,,0,0,590609,22.0048,E46,C
627,0,3,"Wilson, Mr. Henry",male,,0,0,385926,14.8329,,S
628,1,2,"Moore, Miss. Thomas",female,27.6,0,0,119398,15.1471,E46,C
629,0,3,"Taylor, Master. Frank",male,46.6,0,0,331117,20.7037,E46,S
630,1,1,"Anderson, Mr. Helen",male,,0,2,586702,49.9575,D56,S
631,1,3,"Smith, Miss. John",female,0.4,1,0,428818,8.4019,,S
632,1,2,"Jones, Mrs. James",female,22.0,0,0,258749,13.5683,,S
633,0,1,"Williams, Mr. Mary",male,,1,0,301836,248.5515,,S
634,0,3,"Brown, Mr. Anna",male,36.7,2,0,378102,1.0414,,S
635,0,2,"Davis, Mr. Emma",male,,0,2,320894,28.4064,,S
636,1,2,"Miller, Mr. Alice",male,,0,0,424976,21.2754,,S
637,1,2,"Wilson, Mr. Henry",male,,0,0,340600,5.3948,,C
638,0,3,"Moore, Mr. Thomas",male,31.9,1,0,820517,17.5522,D56,S
639,0,3,"Taylor, Mr. Frank",male,,1,0,991468,20.0454,,Q
640,1,2,"Anderson, Mr. Helen",male,,0,0,295069,33.1766,,S
641,0,3,"Smith, Mr. John",male,42.3,1,0,802047,1.642,,S
642,0,3,"Jones, Mr. James",male,43.5,0,1,833515,40.8745,,C
643,0,2,"Williams, Mr. Mary",male,31.6,1,0,524004,11.4724,B28,S
644,0,2,"Brown, Mr. Anna",male,27.6,0,0,382908,35.8516,,S
645,1,1,"Davis, Mr. Emma",male,,0,0,471535,152.3307,D56,S
646,1,1,"Miller, Mrs. Alice",female,17.7,1,0,543893,41.7558,,S
647,0,3,"Wilson, Mr. Henry",male,19.7,0,1,907525,23.2374,,S
648,1,1,"Moore, Miss. Thomas",female,10.1,0,0,841040,61.8555,,Q
649,0,3,"Taylor, Miss. Frank",female,28.6,0,0,400932,2.6125,,S
650,0,3,"Anderson, Mr. Helen",male,5.3,0,0,29192,34.8687,,C
651,0,1,"Smith, Mr. John",male,,0,2,930835,45.2933,,S
652,0,3,"Jones, Mr. James",male,29.2,2,0,847762,6.9157,,S
653,0,2,"Williams, Mr. Mary",male,,0,1,238464,14.9945,,S
654,1,3,"Brown, Mrs. Anna",female,22.1,0,1,322093,17.0336,,C
655,0,3,"Davis, Mr. Emma",male,74.3,0,0,78382,13.0865,E46,C
656,0,3,"Miller, Mr. Alice",male,49.4,0,0,633521,21.2392,,S
657,0,3,"Wilson, Mr. Henry",male,11.7,0,0,440802,4.6917,,S
658,1,1,"Moore, Mr. Thomas",male,33.1,1,1,62243,46.4923,,S
659,0,3,"Taylor, Mr. Frank",male,20.9,1,0,372710,12.4859,E46,S
660,0,3,"Anderson, Mr. Helen",male,15.0,0,0,330762,62.5337,B28,S
661,0,3,"Smith, Mr. John",male,10.3,0,1,148621,12.5077,,C
662,0,3,"Jones, Miss. James",female,36.0,0,0,914600,32.6411,,S
663,0,3,"Williams, Mr. Mary",male,19.8,2,0,62494,14.1291,,C
664,1,1,"Brown, Master. Anna",male,43.7,0,0,753333,57.1836,C85,S
665,1,1,"Davis, Mr. Emma",male,44.1,1,0,296102,69.118,C85,S
666,0,3,"Miller, Mr. Alice",male,49.6,0,1,230851,11.9731,D56,S
667,1,2,"Wilson, Mr. Henry",male,17.3,2,0,510929,33.5505,,S
668,0,3,"Moore, Mr. Thomas",male,,1,0,117960,41.1443,,C
669,0,3,"Taylor, Mr. Frank",male,38.9,1,1,112478,18.2678,C23,S
670,0,2,"Anderson, Mr. Helen",male,22.8,0,0,532419,53.5061,,S
671,0,1,"Smith, Mr. John",male,18.5,0,2,440754,38.9144,,S
672,1,3,"Jones, Mrs. James",female,53.0,0,2,15833,9.8325,,S
673,0,2,"Williams, Mr. Mary",male,33.0,1,0,426602,11.5964,C85,S
674,0,3,"Brown, Mr. Anna",male,38.9,0,0,258053,17.6185,,C
675,0,2,"Davis, Mr. Emma",male,17.8,3,0,109341,15.533,,S
676,0,3,"Miller, Mrs. Alice",female,12.0,1,0,737138,24.5623,,C
677,0,1,"Wilson, Mr. Henry",male,21.4,0,0,628528,39.9806,,S
678,0,3,"Moore, Mr. Thomas",male,,1,0,904387,14.1798,,S
679,0,3,"Taylor, Miss. Frank",female,,0,0,428048,23.7334,,Q
680,0,3,"Anderson, Mrs. Helen",female,29.6,0,1,218929,2.6252,,S
681,1,1,"Smith, Mrs. John",female,5.2,0,0,180002,459.6659,,C
682,0,3,"Jones, Mr. James",male,13.5,0,0,173479,10.923,D56,S
683,0,3,"Williams, Mr. Mary",male,,1,0,800505,2.7111,D56,S
684,1,1,"Brown, Mrs. Anna",female,38.5,0,2,814099,95.5519,,C
685,1,1,"Davis, Miss. Emma",female,24.0,0,0,419251,86.4832,C85,C
686,1,1,"Miller, Mr. Alice",male,14.9,1,1,16732,78.8604,,S
687,0,3,"Wilson, Mr. Henry",male,,1,0,327241,30.2758,,S
688,0,3,"Moore, Mr. Thomas",male,24.3,0,0,13487,24.9121,,S
689,1,3,"Taylor, Mrs. Frank",female,39.0,1,0,241560,17.3865,,C
690,0,1,"Anderson, Mr. Helen",male,43.2,0,0,854134,120.7014,B28,S
691,0,2,"Smith, Mr. John",male,22.5,0,0,792031,19.042,,C
692,0,3,"Jones, Master. James",male,13.0,0,0,367105,56.7008,,S
693,0,3,"Williams, Mr. Mary",male,33.6,0,0,515410,4.1956,,S
694,0,3,"Brown, Mr. Anna",male,17.8,1,2,619395,15.3194,,S
695,1,1,"Davis, Mr. Emma",male,,0,0,956579,88.696,,S
696,0,3,"Miller, Mr. Alice",male,48.9,1,2,117721,26.2593,,Q
697,1,2,"Wilson, Mr. Henry",male,41.7,0,0,343175,10.5387,,S
698,0,2,"Moore, Mr. Thomas",male,32.0,0,0,356361,5.1305,,Q
699,0,3,"Taylor, Mr. Frank",male,11.3,5,0,286925,15.5313,,S
700,0,3,"Anderson, Mr. Helen",male,32.8,1,0,836297,17.1566,,C
701,0,3,"Smith, Mr. John",male,45.1,0,0,542757,45.1087,,C
702,1,1,"Jones, Mr. James",male,,0,0,317311,30.475,C85,S
703,0,1,"Williams, Mr. Mary",male,49.3,0,0,790226,212.0771,C85,S
704,0,3,"Brown, Mr. Anna",male,48.4,0,0,222810,91.0426,E46,S
705,0,3,"Davis, Mr. Emma",male,53.8,1,0,816360,10.1268,,C
706,1,2,"Miller, Miss. Alice",female,34.1,1,1,217593,7.3697,,C
707,0,1,"Wilson, Mr. Henry",male,,0,0,311743,60.8016,B28,S
708,1,1,"Moore, Miss. Thomas",female,50.2,2,0,419991,85.1487,,C
709,0,3,"Taylor, Mr. Frank",male,36.2,0,0,338648,21.508,,S
710,1,1,"Anderson, Mrs. Helen",female,,0,0,479134,52.4615,,S
711,1,2,"Smith, Miss. John",female,23.2,0,0,80687,71.8293,,C
712,0,1,"Jones, Mr. James",male,33.2,0,0,430020,34.521,C85,S
713,0,2,"Williams, Mr. Mary",male,,0,0,905554,5.1488,,C
714,0,1,"Brown, Mr. Anna",male,27.6,0,0,697619,204.0904,,S
715,0,3,"Davis, Mr. Emma",male,45.6,0,0,791085,2.2204,,S
716,1,1,"Miller, Mrs. Alice",female,0.4,0,0,620572,71.5138,,S
717,0,3,"Wilson, Mrs. Henry",female,51.9,1,0,95227,165.9258,,S
718,1,1,"Moore, Miss. Thomas",female,,0,2,107556,83.3926,,C
719,0,3,"Taylor, Mr. Frank",male,,0,0,577848,5.5889,,S
720,0,3,"Anderson, Mrs. Helen",female,37.6,1,0,299400,13.0851,,S
721,0,3,"Smith, Miss. John",female,29.7,2,1,540413,13.1544,,S
722,0,3,"Jones, Master. James",male,47.5,3,1,538658,15.5789,,S
723,0,2,"Williams, Master. Mary",male,,0,0,14838,35.1612,,C
724,1,2,"Brown, Miss. Anna",female,9.4,0,0,124479,9.0146,,S
725,0,3,"Davis, Mr. Emma",male,38.2,0,2,67429,52.8488,,S
726,1,3,"Miller, Miss. Alice",female,26.7,0,0,930638,16.6679,G6,Q
727,0,3,"Wilson, Mr. Henry",male,30.9,2,2,776355,24.5039,C23,S
728,0,3,"Moore, Mrs. Thomas",female,,0,0,577487,8.2886,,C
729,1,3,"Taylor, Mr. Frank",male,55.0,0,0,611380,38.3403,,S
730,0,3,"Anderson, Master. Helen",male,44.8,0,0,397069,11.1535,,S
731,0,1,"Smith, Mr. John",male,19.0,0,0,699182,105.1341,,C
732,0,3,"Jones, Mrs. James",female,10.3,1,1,758873,6.4942,,S
733,0,3,"Williams, Mrs. Mary",female,24.1,0,4,816545,6.1709,C85,S
734,0,1,"Brown, Mr. Anna",male,36.0,0,0,728954,146.0223,,S
735,1,3,"Davis, Master. Emma",male,33.2,0,0,630390,9.6072,B28,S
736,1,1,"Miller, Miss. Alice",female,47.9,0,1,274813,42.5269,,S
737,0,3,"Wilson, Mr. Henry",male,41.2,0,0,190499,8.1895,,C
738,1,1,"Moore, Miss. Thomas",female,43.8,0,0,484833,147.2832,,S
739,0,3,"Taylor, Mr. Frank",male,34.4,0,0,678298,8.2827,,S
740,1,3,"Anderson, Mr. Helen",male,9.6,1,0,408933,12.4693,,C
741,0,2,"Smith, Mr. John",male,26.9,2,1,874250,20.9504,,S
742,0,3,"Jones, Mr. James",male,45.1,1,0,975163,2.9551,,S
743,0,3,"Williams, Mrs. Mary",female,,2,0,729935,4.2228,,C
744,0,3,"Brown, Mr. Anna",male,37.0,0,2,614025,17.929,,C
745,1,1,"Davis, Mr. Emma",male,25.1,0,0,943793,46.6919,,S
746,0,2,"Miller, Miss. Alice",female,14.8,0,0,34406,48.2075,,S
747,1,1,"Wilson, Mr. Henry",male,27.9,1,0,525904,182.48,,S
748,0,3,"Moore, Mr. Thomas",male,34.2,4,0,237894,24.3548,,S
749,0,3,"Taylor, Mrs. Frank",female,20.2,1,0,22873,58.7454,,S
750,0,3,"Anderson, Mr. Helen",male,26.3,0,0,135812,12.8189,,C
751,0,3,"Smith, Mr. John",male,16.1,3,0,878480,23.0232,,Q
752,1,3,"Jones, Mrs. James",female,45.9,0,0,557749,8.5838,,C
753,0,3,"Williams, Mr. Mary",male,25.4,0,0,423926,97.4454,,S
754,0,1,"Brown, Mr. Anna",male,50.8,0,0,23448,411.6205,,C
755,0,3,"Davis, Mr. Emma",male,,0,0,549486,13.8308,G6,S
756,1,1,"Miller, Miss. Alice",female,28.5,0,0,607446,114.7165,,S
757,0,3,"Wilson, Mr. Henry",male,15.1,0,0,509600,40.6433,,S
758,0,3,"Moore, Mr. Thomas",male,0.4,0,0,471154,12.1786,E46,S
759,0,3,"Taylor, Miss. Frank",female,8.4,0,2,978303,8.1019,,C
760,1,1,"Anderson, Mrs. Helen",female,9.8,1,1,235075,169.421,C85,S
761,0,2,"Smith, Mr. John",male,49.7,0,0,176033,22.0406,,S
762,0,2,"Jones, Mr. James",male,31.4,0,1,708367,23.9634,,Q
763,1,2,"Williams, Mr. Mary",male,35.3,1,0,75470,10.6198,D56,S
764,1,1,"Brown, Miss. Anna",female,0.4,1,2,193328,21.3075,,C
765,1,3,"Davis, Mr. Emma",male,,0,0,555027,16.5487,,S
766,0,3,"Miller, Master. Alice",male,42.6,0,0,880486,28.2577,,S
767,1,2,"Wilson, Mrs. Henry",female,33.9,0,0,330330,17.2789,,Q
768,1,2,"Moore, Mrs. Thomas",female,,0,0,36547,65.3186,,S
769,0,2,"Taylor, Mr. Frank",male,37.9,0,2,104472,11.787,,S
770,1,3,"Anderson, Miss. Helen",female,53.4,1,0,882255,5.8922,,S
771,0,3,"Smith, Master. John",male,,0,0,521517,12.9826,,S
772,0,3,"Jones, Mrs. James",female,30.7,1,0,116887,12.824,,S
773,1,3,"Williams, Mr. Mary",male,32.5,1,0,716791,25.365,,S
774,0,3,"Brown, Mr. Anna",male,,1,0,952980,7.3701,,S
775,0,3,"Davis, Mrs. Emma",female,0.4,0,0,743771,40.9303,G6,C
776,1,1,"Miller, Mr. Alice",male,39.6,1,2,807118,406.1524,,S
777,1,3,"Wilson, Mr. Henry",male,28.0,0,0,158608,13.2776,,S
778,1,1,"Moore, Mrs. Thomas",female,37.9,0,0,306206,228.8263,E46,S
779,0,3,"Taylor, Miss. Frank",female,20.2,0,2,844648,5.8838,B28,Q
780,0,2,"Anderson, Mr. Helen",male,29.0,0,0,952545,48.9261,,C
781,1,3,"Smith, Miss. John",female,,1,0,303797,31.6652,B28,S
782,1,3,"Jones, Master. James",male,74.8,0,0,555961,27.3344,,C
783,0,3,"Williams, Mr. Mary",male,41.4,0,1,151439,13.5305,C23,S
784,0,3,"Brown, Mr. Anna",male,,0,0,29629,1.2892,,S
785,0,2,"Davis, Mr. Emma",male,23.6,0,2,655044,12.3883,,
786,1,1,"Miller, Miss. Alice",female,23.1,0,1,645929,51.0325,,S
787,0,2,"Wilson, Mr. Henry",male,3.7,1,0,475406,9.4643,C85,S
788,0,1,"Moore, Mr. Thomas",male,24.9,0,0,297207,92.8504,,S
789,0,3,"Taylor, Mr. Frank",male,40.3,0,0,291466,9.7985,,Q
790,1,2,"Anderson, Miss. Helen",female,11.2,0,0,749906,10.7021,,C
791,0,3,"Smith, Mr. John",male,44.9,0,1,518853,5.8729,D56,S
792,0,3,"Jones, Mr. James",male,36.8,0,2,809125,7.729,C85,C
793,0,3,"Williams, Mr. Mary",male,19.1,0,0,150313,33.6023,,S
794,0,1,"Brown, Mr. Anna",male,27.6,3,0,432994,49.6191,,S
795,0,3,"Davis, Mr. Emma",male,52.9,0,0,374523,9.0743,,S
796,0,3,"Miller, Mrs. Alice",female,40.3,0,0,809083,9.5071,,S
797,1,3,"Wilson, Mrs. Henry",female,29.8,0,0,691326,17.968,D56,S
798,0,3,"Moore, Mr. Thomas",male,26.3,1,0,805707,19.735,,C
799,1,3,"Taylor, Miss. Frank",female,,0,0,55606,1.1992,,S
800,1,1,"Anderson, Miss. Helen",female,22.3,0,0,11658,190.6622,,S
801,0,3,"Smith, Mrs. John",female,0.4,1,0,235571,43.2281,,S
802,0,2,"Jones, Mr. James",male,,0,1,82468,8.9351,,S
803,0,1,"Williams, Mr. Mary",male,32.0,0,1,417464,38.6813,,C
804,0,2,"Brown, Master. Anna",male,35.5,0,0,427653,14.439,,S
805,1,1,"Davis, Mr. Emma",male,28.9,0,0,705087,45.9885,,Q
806,1,1,"Miller, Mrs. Alice",female,19.0,0,0,159273,100.7192,,Q
807,1,1,"Wilson, Mrs. Henry",female,27.0,0,0,575438,17.7427,,S
808,0,3,"Moore, Mrs. Thomas",female,6.5,0,0,780508,5.6016,,S
809,0,3,"Taylor, Mr. Frank",male,,0,0,811431,46.9345,,C
810,0,3,"Anderson, Mr. Helen",male,11.8,0,0,261775,6.5196,,Q
811,1,2,"Smith, Miss. John",female,14.7,3,0,278520,55.9734,,S
812,1,2,"Jones, Mrs. James",female,23.3,1,0,323817,27.506,,C
813,0,3,"Williams, Mr. Mary",male,48.4,1,0,799908,3.2219,,C
814,1,2,"Brown, Miss. Anna",female,29.9,0,0,258465,34.4117,,S
815,1,1,"Davis, Mrs. Emma",female,11.8,0,6,866334,76.6356,,S
816,0,3,"Miller, Mr. Alice",male,,0,0,517726,9.5165,,C
817,1,1,"Wilson, Mr. Henry",male,,0,0,887701,102.428,,S
818,1,3,"Moore, Mr. Thomas",male,37.5,4,0,743354,20.0274,,S
819,0,3,"Taylor, Mr. Frank",male,40.1,0,2,990382,24.1303,B28,S
820,1,1,"Anderson, Mr. Helen",male,64.4,0,0,632619,216.1121,B28,S
821,1,1,"Smith, Miss. John",female,61.4,0,0,423831,116.7113,,S
822,0,3,"Jones, Mr. James",male,,0,1,545452,4.558,,C
823,1,3,"Williams, Mr. Mary",male,53.2,0,0,835748,9.3791,,S
824,0,1,"Brown, Mr. Anna",male,35.3,0,0,733920,512.0,,S
825,1,3,"Davis, Mr. Emma",male,36.9,0,0,170631,24.4588,,S
826,1,1,"Miller, Mrs. Alice",female,5.2,1,0,335112,512.0,B28,S
827,0,3,"Wilson, Mr. Henry",male,27.2,0,0,207872,41.8354,,S
828,1,3,"Moore, Mr. Thomas",male,,1,0,674407,16.6238,G6,S
829,1,1,"Taylor, Miss. Frank",female,41.7,1,0,448201,107.1597,,S
830,1,1,"Anderson, Master. Helen",male,45.2,0,0,213195,81.7717,,S
831,1,1,"Smith, Mr. John",male,0.4,1,0,934081,20.967,,S
832,0,2,"Jones, Mr. James",male,29.4,0,0,486387,21.001,,S
833,1,1,"Williams, Mr. Mary",male,,4,0,514316,221.7908,,Q
834,1,3,"Brown, Master. Anna",male,,0,2,669230,8.4798,,S
835,1,1,"Davis, Mr. Emma",male,40.3,0,0,568382,117.0683,,S
836,0,3,"Miller, Mr. Alice",male,34.8,0,0,327473,27.0766,,C
837,0,3,"Wilson, Mrs. Henry",female,,0,0,674577,6.6171,,S
838,0,3,"Moore, Mr. Thomas",male,,5,0,355282,9.5482,,S
839,0,3,"Taylor, Mr. Frank",male,,0,0,76141,6.0682,G6,S
840,0,2,"Anderson, Master. Helen",male,13.4,0,0,163415,10.7231,,S
841,0,3,"Smith, Mr. John",male,,0,0,662595,4.8906,,C
842,0,3,"Jones, Miss. James",female,30.0,3,0,716182,6.6661,,Q
843,0,2,"Williams, Master. Mary",male,27.7,0,1,940507,64.4377,B28,S
844,1,1,"Brown, Mrs. Anna",female,23.6,0,0,512009,40.4802,,S
845,1,3,"Davis, Mr. Emma",male,,0,0,987042,15.1585,,S
846,0,3,"Miller, Mr. Alice",male,44.9,1,0,435305,9.1623,,Q
847,0,1,"Wilson, Mr. Henry",male,,0,0,456811,216.2181,E46,C
848,1,2,"Moore, Mrs. Thomas",female,10.3,0,0,355341,59.0901,E46,S
849,0,2,"Taylor, Mr. Frank",male,40.5,0,0,878750,41.3218,,S
850,0,3,"Anderson, Mr. Helen",male,26.7,1,0,171101,17.5018,,S
851,1,3,"Smith, Mr. John",male,30.2,0,0,613311,11.3879,,S
852,1,3,"Jones, Mrs. James",female,53.0,0,1,454540,5.2798,,S
853,0,1,"Williams, Mr. Mary",male,29.4,0,0,848394,398.6238,,S
854,1,2,"Brown, Mrs. Anna",female,33.9,1,0,385181,11.2728,,S
855,0,3,"Davis, Mr. Emma",male,12.6,2,2,704402,23.2967,C85,Q
856,0,1,"Miller, Master. Alice",male,26.5,0,0,621889,196.5363,,Q
857,0,2,"Wilson, Mr. Henry",male,38.5,0,0,479596,13.2754,,S
858,0,3,"Moore, Mr. Thomas",male,7.1,0,0,94859,31.4314,,S
859,1,1,"Taylor, Mr. Frank",male,32.6,0,0,625221,155.1769,,C
860,1,3,"Anderson, Mr. Helen",male,31.2,0,0,55957,54.5854,G6,S
861,1,1,"Smith, Mrs. John",female,30.3,0,0,879296,57.8421,,S
862,0,1,"Jones, Mr. James",male,44.7,0,0,922790,30.0994,,S
863,1,1,"Williams, Mr. Mary",male,34.5,2,0,840171,56.1936,,S
864,0,3,"Brown, Mr. Anna",male,,0,1,310877,16.1914,,S
865,0,3,"Davis, Mr. Emma",male,15.3,1,0,579677,14.3531,G6,S
866,0,3,"Miller, Mr. Alice",male,31.7,0,0,170787,10.0006,,S
867,0,3,"Wilson, Mr. Henry",male,30.9,0,0,704476,2.9744,B28,S
868,0,1,"Moore, Mr. Thomas",male,14.2,0,0,853354,122.6802,,S
869,1,3,"Taylor, Mrs. Frank",female,43.6,0,1,459467,66.3717,D56,S
870,1,3,"Anderson, Miss. Helen",female,,0,0,989298,19.8618,,C
871,0,3,"Smith, Mr. John",male,29.5,1,0,27580,22.3026,D56,S
872,1,1,"Jones, Mr. James",male,,2,0,388044,133.1067,,S
873,0,3,"Williams, Mr. Mary",male,,0,0,404039,18.8221,,S
874,0,1,"Brown, Mr. Anna",male,19.4,0,0,269073,177.4214,,S
875,0,2,"Davis, Mr. Emma",male,3.3,0,0,233080,28.4012,,S
876,0,3,"Miller, Mr. Alice",male,19.5,0,0,803516,10.6681,,C
877,1,3,"Wilson, Miss. Henry",female,9.5,0,0,350135,7.2471,,S
878,1,2,"Moore, Miss. Thomas",female,,1,0,413823,16.9616,C85,S
879,0,2,"Taylor, Mr. Frank",male,28.0,4,0,616743,26.614,,S
880,0,3,"Anderson, Mr. Helen",male,24.7,2,2,384684,10.639,G6,S
881,0,3,"Smith, Mr. John",male,42.6,0,1,386684,17.617,D56,S
882,0,3,"Jones, Miss. James",female,13.4,1,2,787585,19.4669,,S
883,0,3,"Williams, Mr. Mary",male,18.6,1,2,677329,26.6807,,S
884,0,3,"Brown, Mr. Anna",male,30.7,0,0,990563,38.2304,,S
885,1,2,"Davis, Mrs. Emma",female,,0,0,813765,22.033,,S
886,0,3,"Miller, Mr. Alice",male,37.0,1,0,480452,4.8123,,S
887,1,2,"Wilson, Mrs. Henry",female,33.3,0,1,399326,15.7061,D56,S
888,0,2,"Moore, Mr. Thomas",male,,0,0,764207,21.4427,,S
889,0,3,"Taylor, Mr. Frank",male,,0,3,570956,3.1543,,S
890,0,1,"Anderson, Mr. Helen",male,32.6,0,0,808377,255.7311,,S
891,0,3,"Smith, Miss. John",female,14.8,0,1,636816,15.3528,D56,S
